City,Avg_Severity,Accident_Count,Std_Dev,Severe_Accidents_Pct
Pomfret Center,3.018867924528302,106,0.9854284258077481,52.83
Kathleen,2.98,100,0.9845267539751923,51.0
Cedartown,2.942857142857143,105,0.9788982369183008,49.52
Ellijay,2.8944954128440368,218,0.980391613881271,46.33
Elberton,2.85,100,0.9885710532241614,43.0
Jewett City,2.7958115183246073,191,0.9487849548783287,42.93
Franklin,2.794736842105263,190,0.97859292367955,40.0
Temple,2.7745664739884393,346,0.739008707310979,58.96
Leesburg,2.7606837606837606,117,0.9436683068051476,41.03
West Point,2.73972602739726,219,0.7546929127033092,55.25
Soperton,2.7389162561576357,203,0.7680583774493139,54.19
Senoia,2.7378048780487805,164,0.9455274431463797,39.02
LaGrange,2.7357512953367875,386,0.7226334094676478,57.25
Palmetto,2.7329842931937174,191,0.6624603223585289,63.35
Monroe,2.7327586206896552,348,0.939290540602908,39.08
Tifton,2.7294117647058824,255,0.688286162575807,60.0
Higganum,2.7281553398058254,103,0.9517185153687601,37.86
Willington,2.723529411764706,170,0.8703052662866515,44.71
Greensboro,2.719887955182073,357,0.7753013106155281,52.66
Bremen,2.7094972067039107,179,0.8103746350605113,48.6
Fort Valley,2.7053291536050157,319,0.781670804535463,51.1
Lake Park,2.7045454545454546,132,0.7386663902507352,53.79
Winder,2.701388888888889,144,0.9317992303869997,37.5
Loganville,2.701219512195122,328,0.936385647106686,37.5
Thomson,2.6952789699570814,233,0.7524809737168316,51.93
Covington,2.686725663716814,565,0.775912231909924,49.38
Fayetteville,2.68299711815562,347,0.9141306919456262,37.46
Kingsland,2.6826923076923075,104,0.7538177663033835,50.96
Harlem,2.6808510638297873,141,0.6247187817178249,60.99
Jackson,2.673142857142857,875,0.7612759200705362,49.37
Midway,2.672514619883041,171,0.795800812771972,46.78
Sharpsburg,2.668918918918919,148,0.9286704233935196,36.49
Fairburn,2.667687595712098,653,0.6633344475982212,56.2
Bristol,2.6641791044776117,134,0.9414756442590676,35.07
Hoschton,2.6588235294117646,255,0.7511609048373047,49.02
Dallas,2.658119658119658,117,0.9017453685472598,36.75
Conyers,2.6554726368159205,804,0.7432267172088967,50.75
Stockbridge,2.649556696220252,2143,0.5853076149658225,59.68
Perry,2.6451612903225805,558,0.7600221288990772,47.13
Pine Mountain,2.64,100,0.7852169487254185,45.0
Juliette,2.638418079096045,177,0.6943716791187544,51.41
Vienna,2.6379310344827585,116,0.6902621017522564,51.72
Morrow,2.6298882681564244,716,0.5994407545936177,56.7
Milledgeville,2.625766871165644,163,0.8894851442596826,34.97
Woodstock,2.624123422159888,713,0.7259873914957098,48.67
Bethlehem,2.621359223300971,103,0.9194681418141444,33.98
Decatur,2.6213009491903962,7164,0.5973076401867677,56.62
Fortson,2.6203703703703702,108,0.6933272425645083,50.0
Newnan,2.618043844856661,1186,0.756392650092517,45.53
Rome,2.616279069767442,172,0.9070046409697419,33.72
Union City,2.6153846153846154,611,0.6511218372243917,54.17
Danville,2.613861386138614,101,0.7870234688966138,42.57
Buford,2.6137211036539894,1341,0.6021773500927701,55.41
Buckhead,2.6134453781512605,119,0.7024080095084891,48.74
Conley,2.6125,480,0.6651557338797822,51.46
Villa Rica,2.604,500,0.7072371375553432,47.8
Forest Park,2.6036299765807964,1708,0.5981114067781198,54.8
Riceboro,2.603305785123967,121,0.7903515973178771,42.98
Elko,2.6030534351145036,131,0.7714062016162144,42.75
Bloomingdale,2.6018099547511313,221,0.7656229668413805,43.89
Dawsonville,2.6,130,0.8857178580287335,33.08
Valdosta,2.59746835443038,395,0.8076371948239018,39.24
Lavonia,2.5973451327433628,226,0.6744822115425405,50.0
Stafford Springs,2.596590909090909,176,0.8361748092882918,38.07
Dublin,2.5939393939393938,165,0.723279874455465,46.67
Douglasville,2.5915254237288137,590,0.6701970253835895,49.15
Torrington,2.590643274853801,171,0.8922708281806333,31.58
Canton,2.59018759018759,693,0.7168626205781622,45.74
Macon,2.5888399412628487,2724,0.6801040981796636,49.41
Gainesville,2.587096774193548,620,0.7899783991173227,40.0
Waco,2.586021505376344,186,0.6783272586335367,47.85
Rex,2.5858208955223883,268,0.6028214541878523,52.61
Norcross,2.583075335397317,2907,0.556104614459833,55.49
Forsyth,2.5827814569536423,906,0.6567048082851505,49.12
Warner Robins,2.581081081081081,222,0.882306060472406,31.53
Smyrna,2.5804438280166435,1442,0.5944273458551473,54.09
Norwood,2.5804195804195804,143,0.6961927389414173,46.15
Jefferson,2.579047619047619,525,0.6710614865423772,48.76
Dry Branch,2.5772357723577235,123,0.7683080205539669,40.65
Colchester,2.576158940397351,151,0.8902215910862885,30.46
Trenton,2.5754716981132075,212,0.6450410649706925,49.06
Lithia Springs,2.574766355140187,1070,0.627942049536451,51.12
North Stonington,2.5737704918032787,122,0.8223935313731401,36.07
Bonaire,2.5728155339805827,103,0.8700004704480675,32.04
Kennesaw,2.5727980826842423,1669,0.5796328496384715,53.09
McDonough,2.570876288659794,1552,0.578021932217721,52.77
Madison,2.5700389105058368,514,0.7227554476304641,43.19
Ellenwood,2.5698234349919744,623,0.6116666922500499,51.52
Lithonia,2.5660160734787603,1742,0.6175251003788428,50.29
Social Circle,2.561797752808989,178,0.7584560019457802,43.26
Albany,2.56,325,0.875030863653208,30.77
Resaca,2.559322033898305,118,0.7106319912808072,43.22
Crawfordville,2.5588235294117645,102,0.6975704572351255,44.12
Carnesville,2.5584415584415585,231,0.6492840169087897,47.19
Niantic,2.5579710144927534,138,0.6619823794381198,46.38
Cartersville,2.554926387315968,883,0.6581824680449154,46.43
Dalton,2.5544554455445545,404,0.6716558188186141,45.3
Flowery Branch,2.5517241379310347,174,0.675904372783678,44.83
Thomaston,2.55,160,0.8816793581376609,28.75
Calhoun,2.5491329479768785,346,0.7335929841073826,41.04
Ashburn,2.547169811320755,106,0.6637853277722237,45.28
Ellabell,2.545,200,0.7215108380663701,41.0
Griffin,2.5438996579247433,877,0.8690255020730446,29.99
Byron,2.5419664268585134,417,0.6749565291023024,43.88
Columbus,2.53887399463807,746,0.7060359651613626,41.42
Woodbine,2.5384615384615383,104,0.6373957470145006,46.15
Brunswick,2.5376984126984126,504,0.7343919059252554,39.68
Tucker,2.5375826819001803,1663,0.5801578078923931,49.97
Marietta,2.536856127886323,4504,0.5798224441960159,50.38
Athens,2.536036036036036,222,0.8698356627222703,30.18
Atlanta,2.535845291545617,68154,0.5800538918621576,49.66
Clarkston,2.5353053435114505,1048,0.5982254099883713,48.28
Duluth,2.534427966101695,1888,0.5675196277924892,50.74
Suwanee,2.527249683143219,789,0.5795413596795433,49.43
Lagrange,2.517391304347826,230,0.8499433188977384,28.26
Austell,2.515666965085049,1117,0.5964168907956546,47.0
Locust Grove,2.508256880733945,545,0.6419937408594819,43.49
Adairsville,2.5056603773584905,265,0.707753352844039,38.11
Acworth,2.505540166204986,722,0.6192450319694418,44.74
Uncasville,2.5,306,0.7163202873703635,36.93
Braselton,2.5,350,0.6886305499932122,38.86
Vernon Rockville,2.4971428571428573,350,0.7009963086961069,39.43
Enfield,2.4964285714285714,280,0.6720119808504563,40.36
Hogansville,2.494186046511628,344,0.708112862010069,36.92
Ringgold,2.4899817850637525,549,0.5968208044801308,44.08
Moreland,2.4855072463768115,138,0.7471161807499201,33.33
Commerce,2.4825046040515653,543,0.6866999454024038,38.31
Barnesville,2.475,120,0.6212281140997234,40.83
Waverly,2.4745762711864407,118,0.6230866700600244,40.68
Townsend,2.4716981132075473,159,0.6732814104478496,37.11
Plantsville,2.4641255605381165,446,0.5746049135458494,42.38
East Lyme,2.4640883977900554,362,0.6228189627076463,39.5
Grantville,2.4622641509433962,212,0.6908272162341296,34.91
Avondale Estates,2.455223880597015,134,0.6084081490384613,39.55
Peachtree City,2.4453781512605044,119,0.8202674118701865,26.89
Wildwood,2.43312101910828,157,0.5692312106323136,39.49
Windsor,2.4324480369515014,1732,0.5401801378741543,41.17
Richmond Hill,2.425,360,0.6244217380615351,36.39
Southbury,2.421965317919075,519,0.6613861589907093,32.56
Norwich,2.421917808219178,365,0.6483806064406691,33.42
Guilford,2.419664268585132,417,0.64218443499662,33.57
East Windsor,2.4158415841584158,202,0.6949330005670188,29.7
Pooler,2.414383561643836,584,0.5764372418524824,38.01
Manchester,2.414156626506024,664,0.5396872561081049,39.31
Branford,2.40994623655914,744,0.5514771523785075,38.17
Tolland,2.409090909090909,264,0.7079617339935617,28.79
Southport,2.4054054054054053,518,0.5256751482053761,38.8
Waterford,2.40234375,256,0.6372692777413181,32.03
Grovetown,2.398720682302772,469,0.6174790774845389,36.67
Rocky Hill,2.3955801104972374,905,0.5241747838543445,38.01
Riverside,2.392,375,0.5102584015610495,38.13
Windsor Locks,2.3915343915343916,189,0.541011931213339,36.51
Old Saybrook,2.388,250,0.6566435280207723,29.2
Wethersfield,2.386217948717949,1248,0.564836308240374,34.7
Westbrook,2.382857142857143,175,0.6492638246177797,29.14
Hartford,2.3824752158618483,6254,0.5163439861677177,36.86
Southington,2.3771289537712894,822,0.5282402753164351,35.77
West Haven,2.377049180327869,732,0.5281856333160351,35.52
Clinton,2.3741007194244603,139,0.5681572207261356,33.09
New London,2.3737373737373737,198,0.5252189987683037,35.35
Port Wentworth,2.3728813559322033,472,0.6809087242626032,28.81
Snellville,2.372262773722628,137,0.7952737160144462,23.36
Seymour,2.371900826446281,242,0.7690294730195706,20.25
Marlborough,2.3666666666666667,120,0.7439767473249578,20.83
New Haven,2.3637350705754616,2763,0.5332690752475457,33.88
Sandy Hook,2.36,325,0.5954560447544118,29.85
Danbury,2.359389895138227,1049,0.5538811788112177,32.32
Wallingford,2.3592814371257487,668,0.6020609968373418,29.34
Old Lyme,2.357348703170029,347,0.6169305916659379,28.24
Stonington,2.357142857142857,154,0.6228604836340392,27.92
Dacula,2.352422907488987,227,0.7460994957282991,21.59
East Haven,2.3459119496855347,477,0.5421799452867941,31.66
South Glastonbury,2.343137254901961,102,0.6964563491857207,21.57
Groton,2.3346456692913384,254,0.48923235065338333,32.68
Jonesboro,2.334507042253521,284,0.7013914262467301,22.18
West Hartford,2.3300062383031817,1603,0.5061585146064668,31.38
Darien,2.3292589763177998,1309,0.5195632878650263,30.79
South Windsor,2.3285714285714287,210,0.5882769073777503,26.67
Fairfield,2.3263371699390656,1477,0.5249244906915248,29.86
Orange,2.323529411764706,714,0.5877008544873416,26.05
Milford,2.320559295701709,1931,0.5262900734674589,29.1
Lawrenceville,2.318825910931174,988,0.6143916011560576,25.91
Farmington,2.31359649122807,912,0.5467310332621628,27.63
Cheshire,2.3052805280528053,606,0.524637777144377,27.72
North Haven,2.3049450549450547,728,0.5749256249993362,24.59
Cromwell,2.2984455958549224,965,0.5389859739144769,25.8
Newtown,2.296724470134875,519,0.596489782814738,22.74
East Hartford,2.292496679946879,3012,0.5015123011110083,27.22
Stamford,2.288623944361649,2013,0.49415544773259124,27.02
Westport,2.2884448305821024,2302,0.4952940787701712,26.85
Waterbury,2.2875131164742917,2859,0.5478069446947057,24.34
Bridgeport,2.2863849765258215,2556,0.5014133438224885,26.53
Mystic,2.284090909090909,176,0.564651369281231,22.73
Plainville,2.28397212543554,1148,0.5293685988357418,24.74
Beacon Falls,2.26890756302521,119,0.6469940794478888,15.97
Norwalk,2.2655038759689923,2580,0.4811812743155504,24.88
Middlebury,2.262086513994911,393,0.5200203318693026,22.39
Naugatuck,2.248803827751196,209,0.63193156639043,15.31
Derby,2.2444444444444445,135,0.6285100441694553,14.07
Roswell,2.243992606284658,541,0.5865671884890075,17.56
Pendergrass,2.24,175,0.5356272507295892,20.0
Maysville,2.233009708737864,103,0.5277381164106487,18.45
Stratford,2.231707317073171,1394,0.4610909194799045,21.59
Lilburn,2.225806451612903,124,0.6225923992210264,16.94
Savannah,2.216834755624515,2578,0.5285006253393171,19.55
New Britain,2.2101648351648353,728,0.5123573109241927,16.21
Greenwich,2.2025577557755778,2424,0.42785017777733564,19.18
Middletown,2.199052132701422,1266,0.48031516543785907,16.35
Mableton,2.198757763975155,161,0.49774335475721715,16.77
Stone Mountain,2.1822721598002497,801,0.5354767323016514,14.11
Shelton,2.1739130434782608,414,0.5195412878734882,11.11
Berlin,2.165898617511521,217,0.5444486242877473,8.76
Cumming,2.16,350,0.5273059604548693,10.57
Meriden,2.14050822122571,2676,0.4249986954654555,12.26
Glastonbury,2.140401146131805,349,0.49165549521559715,8.6
Woodbridge,2.1363636363636362,176,0.5055535734068304,6.82
Alpharetta,2.113156100886162,1467,0.40225836488927763,9.75
Trumbull,2.1054502369668247,844,0.4184574975263384,6.99
Hamden,2.098984771573604,394,0.4133263375894562,5.84
New Canaan,2.0673758865248226,282,0.3025388311068568,5.32
Old Greenwich,2.0594059405940595,101,0.23756187312857346,5.94
Augusta,2.026702596766291,12246,0.34056953365888426,5.41
Hephzibah,1.9774058577405857,1195,0.3304607693299774,1.84
