Road_Feature,Present_Count,Present_Percentage,Severity_With,Severity_Without,Difference,P_Value,Statistically_Significant
"Speed bumps, raised crosswalks",135,0.05619731501717141,2.037037037037037,2.4599067016535465,-0.4228696646165093,7.130873579290035e-15,True
Dead end street,138,0.057446144239775204,2.0869565217391304,2.459883292306539,-0.37292677056740864,3.956256590847824e-12,True
Train/bus station nearby,409,0.17025705068165262,2.139364303178484,2.460215331754345,-0.320851028575861,9.40463760007695e-25,True
"Restaurants, cafes nearby",993,0.41336247268186077,2.1661631419939575,2.4608873394863564,-0.29472419749239886,7.905336725833162e-49,True
Traffic light,19302,8.034967218232907,2.2332918868511036,2.4794475903369046,-0.24615570348580107,0.0,True
Pedestrian crosswalk,11954,4.976168175668644,2.2304667893592103,2.4716718286597947,-0.24120503930058446,0.0,True
Intersection,22828,9.502757831199917,2.4304363062905203,2.4627386762466825,-0.0323023699561622,1.897685312242622e-13,True
Railroad crossing,1158,0.48204807992507026,2.4395509499136443,2.4597665089702887,-0.020215559056644405,0.2769461354295821,False
Stop sign,1989,0.8279737745863254,2.5696329813976875,2.45875098641683,0.11088199498085727,6.080521466357118e-15,True
