Road_Feature,Georgia_Pct,Connecticut_Pct,Difference
"Speed bumps, raised crosswalks",0.07977733260056376,0.0,0.07977733260056376
Dead end street,0.03959319469805757,0.09999436651456255,-0.06040117181650498
Train/bus station nearby,0.20919389437481165,0.07746042476480199,0.13173346961000965
"Restaurants, cafes nearby",0.3906134581405381,0.467579291307532,-0.0769658331669939
Traffic light,9.967439029434882,3.429384260041688,6.538054769393193
Pedestrian crosswalk,5.702010979724738,3.2462959833248832,2.455714996399855
Intersection,8.483580643064395,11.931722156498225,-3.4481415134338302
Stop sign,0.6766299690936705,1.1886654272998705,-0.5120354582062
Railroad crossing,0.5956707500842093,0.2112557039040054,0.38441504618020395
